{
  "text": " Driving down to the south coast, thinking of the waves Watching the rolling green landscapes against the grey skies Waving the cold wind to get some fresh air Maybe it'll help us wake from winter brain fog Therefore we step gingerly over the stones Picnic math threatening to escape with a tug of invisible hands Back in the office, back to cardboard loyalties A rainbow-colored furniture, free coffee and tea Punctuated by water cooler intermissives We work hard to play hard, we're a family Public transport held together with duct tape and patches Returning home to electric bills like fees in Texas Is this really how it turns out to be? Is this life for me?",
  "segments": [
    {
      "id": 0,
      "seek": 0,
      "start": 0.0,
      "end": 12.84,
      "text": " Driving down to the south coast, thinking of the waves",
      "tokens": [
        50364,
        44028,
        760,
        281,
        264,
        7377,
        8684,
        11,
        1953,
        295,
        264,
        9417,
        51164
      ],
      "temperature": 0.0,
      "avg_logprob": -0.28058943381676305,
      "compression_ratio": 1.25,
      "no_speech_prob": 0.24990248680114746,
      "confidence": 0.868,
      "words": [
        {
          "text": "Driving",
          "start": 0.0,
          "end": 8.32,
          "confidence": 0.573
        },
        {
          "text": "down",
          "start": 8.32,
          "end": 9.1,
          "confidence": 0.971
        },
        {
          "text": "to",
          "start": 9.1,
          "end": 9.82,
          "confidence": 0.903
        },
        {
          "text": "the",
          "start": 9.82,
          "end": 9.9,
          "confidence": 0.991
        },
        {
          "text": "south",
          "start": 9.9,
          "end": 10.2,
          "confidence": 0.711
        },
        {
          "text": "coast,",
          "start": 10.2,
          "end": 10.64,
          "confidence": 0.982
        },
        {
          "text": "thinking",
          "start": 10.84,
          "end": 11.34,
          "confidence": 0.81
        },
        {
          "text": "of",
          "start": 11.34,
          "end": 11.72,
          "confidence": 0.909
        },
        {
          "text": "the",
          "start": 11.72,
          "end": 11.92,
          "confidence": 0.992
        },
        {
          "text": "waves",
          "start": 11.92,
          "end": 12.84,
          "confidence": 0.96
        }
      ]
    },
    {
      "id": 1,
      "seek": 0,
      "start": 15.92,
      "end": 21.24,
      "text": " Watching the rolling green landscapes against the grey skies",
      "tokens": [
        51164,
        28482,
        264,
        9439,
        3092,
        29822,
        1970,
        264,
        16578,
        25861,
        51564
      ],
      "temperature": 0.0,
      "avg_logprob": -0.28058943381676305,
      "compression_ratio": 1.25,
      "no_speech_prob": 0.24990248680114746,
      "confidence": 0.9,
      "words": [
        {
          "text": "Watching",
          "start": 15.92,
          "end": 16.38,
          "confidence": 0.926
        },
        {
          "text": "the",
          "start": 16.38,
          "end": 16.84,
          "confidence": 0.995
        },
        {
          "text": "rolling",
          "start": 16.84,
          "end": 17.36,
          "confidence": 0.991
        },
        {
          "text": "green",
          "start": 17.36,
          "end": 17.84,
          "confidence": 0.938
        },
        {
          "text": "landscapes",
          "start": 17.84,
          "end": 18.58,
          "confidence": 0.972
        },
        {
          "text": "against",
          "start": 18.58,
          "end": 19.22,
          "confidence": 0.918
        },
        {
          "text": "the",
          "start": 19.22,
          "end": 19.62,
          "confidence": 0.983
        },
        {
          "text": "grey",
          "start": 19.62,
          "end": 19.96,
          "confidence": 0.56
        },
        {
          "text": "skies",
          "start": 19.96,
          "end": 21.24,
          "confidence": 0.921
        }
      ]
    },
    {
      "id": 2,
      "seek": 2400,
      "start": 24.0,
      "end": 28.48,
      "text": " Waving the cold wind to get some fresh air",
      "tokens": [
        50364,
        343,
        6152,
        264,
        3554,
        2468,
        281,
        483,
        512,
        4451,
        1988,
        50764
      ],
      "temperature": 0.0,
      "avg_logprob": -0.09232120381461249,
      "compression_ratio": 1.233644859813084,
      "no_speech_prob": 0.1583525836467743,
      "confidence": 0.922,
      "words": [
        {
          "text": "Waving",
          "start": 24.0,
          "end": 24.4,
          "confidence": 0.695
        },
        {
          "text": "the",
          "start": 24.4,
          "end": 24.8,
          "confidence": 0.994
        },
        {
          "text": "cold",
          "start": 24.8,
          "end": 25.16,
          "confidence": 0.998
        },
        {
          "text": "wind",
          "start": 25.16,
          "end": 25.82,
          "confidence": 0.99
        },
        {
          "text": "to",
          "start": 25.82,
          "end": 26.88,
          "confidence": 0.95
        },
        {
          "text": "get",
          "start": 26.88,
          "end": 27.14,
          "confidence": 0.996
        },
        {
          "text": "some",
          "start": 27.14,
          "end": 27.44,
          "confidence": 0.994
        },
        {
          "text": "fresh",
          "start": 27.44,
          "end": 27.82,
          "confidence": 0.999
        },
        {
          "text": "air",
          "start": 27.82,
          "end": 28.48,
          "confidence": 0.992
        }
      ]
    },
    {
      "id": 3,
      "seek": 2400,
      "start": 31.8,
      "end": 36.72,
      "text": " Maybe it'll help us wake from winter brain fog",
      "tokens": [
        50764,
        2704,
        309,
        603,
        854,
        505,
        6634,
        490,
        6355,
        3567,
        13648,
        51164
      ],
      "temperature": 0.0,
      "avg_logprob": -0.09232120381461249,
      "compression_ratio": 1.233644859813084,
      "no_speech_prob": 0.1583525836467743,
      "confidence": 0.924,
      "words": [
        {
          "text": "Maybe",
          "start": 31.8,
          "end": 32.28,
          "confidence": 0.975
        },
        {
          "text": "it'll",
          "start": 32.28,
          "end": 32.96,
          "confidence": 0.96
        },
        {
          "text": "help",
          "start": 32.96,
          "end": 33.22,
          "confidence": 0.999
        },
        {
          "text": "us",
          "start": 33.22,
          "end": 33.58,
          "confidence": 1.0
        },
        {
          "text": "wake",
          "start": 33.58,
          "end": 34.08,
          "confidence": 0.988
        },
        {
          "text": "from",
          "start": 34.08,
          "end": 34.84,
          "confidence": 0.99
        },
        {
          "text": "winter",
          "start": 34.84,
          "end": 35.38,
          "confidence": 0.97
        },
        {
          "text": "brain",
          "start": 35.38,
          "end": 35.92,
          "confidence": 0.83
        },
        {
          "text": "fog",
          "start": 35.92,
          "end": 36.72,
          "confidence": 0.645
        }
      ]
    },
    {
      "id": 4,
      "seek": 2400,
      "start": 39.96,
      "end": 45.04,
      "text": " Therefore we step gingerly over the stones",
      "tokens": [
        51164,
        7504,
        321,
        1823,
        14966,
        356,
        670,
        264,
        14083,
        51564
      ],
      "temperature": 0.0,
      "avg_logprob": -0.09232120381461249,
      "compression_ratio": 1.233644859813084,
      "no_speech_prob": 0.1583525836467743,
      "confidence": 0.876,
      "words": [
        {
          "text": "Therefore",
          "start": 39.96,
          "end": 40.36,
          "confidence": 0.947
        },
        {
          "text": "we",
          "start": 40.36,
          "end": 40.7,
          "confidence": 0.668
        },
        {
          "text": "step",
          "start": 40.7,
          "end": 41.14,
          "confidence": 0.857
        },
        {
          "text": "gingerly",
          "start": 41.14,
          "end": 42.04,
          "confidence": 0.962
        },
        {
          "text": "over",
          "start": 42.04,
          "end": 43.34,
          "confidence": 0.983
        },
        {
          "text": "the",
          "start": 43.34,
          "end": 43.78,
          "confidence": 0.998
        },
        {
          "text": "stones",
          "start": 43.78,
          "end": 45.04,
          "confidence": 0.702
        }
      ]
    },
    {
      "id": 5,
      "seek": 4800,
      "start": 48.0,
      "end": 53.54,
      "text": " Picnic math threatening to escape with a tug of invisible hands",
      "tokens": [
        50364,
        25895,
        7692,
        5221,
        20768,
        281,
        7615,
        365,
        257,
        33543,
        295,
        14603,
        2377,
        50864
      ],
      "temperature": 0.0,
      "avg_logprob": -0.22177204941258286,
      "compression_ratio": 1.4046242774566473,
      "no_speech_prob": 0.041020531207323074,
      "confidence": 0.827,
      "words": [
        {
          "text": "Picnic",
          "start": 48.0,
          "end": 48.5,
          "confidence": 0.733
        },
        {
          "text": "math",
          "start": 48.5,
          "end": 48.9,
          "confidence": 0.611
        },
        {
          "text": "threatening",
          "start": 48.9,
          "end": 49.42,
          "confidence": 0.987
        },
        {
          "text": "to",
          "start": 49.42,
          "end": 49.9,
          "confidence": 0.996
        },
        {
          "text": "escape",
          "start": 49.9,
          "end": 50.34,
          "confidence": 0.998
        },
        {
          "text": "with",
          "start": 50.34,
          "end": 50.88,
          "confidence": 0.868
        },
        {
          "text": "a",
          "start": 50.88,
          "end": 51.02,
          "confidence": 0.667
        },
        {
          "text": "tug",
          "start": 51.02,
          "end": 51.34,
          "confidence": 0.596
        },
        {
          "text": "of",
          "start": 51.34,
          "end": 51.66,
          "confidence": 0.975
        },
        {
          "text": "invisible",
          "start": 51.66,
          "end": 52.5,
          "confidence": 0.974
        },
        {
          "text": "hands",
          "start": 52.5,
          "end": 53.54,
          "confidence": 0.966
        }
      ]
    },
    {
      "id": 6,
      "seek": 4800,
      "start": 58.24,
      "end": 61.24,
      "text": " Back in the office, back to cardboard loyalties",
      "tokens": [
        50864,
        5833,
        294,
        264,
        3398,
        11,
        646,
        281,
        22248,
        450,
        88,
        26471,
        51064
      ],
      "temperature": 0.0,
      "avg_logprob": -0.22177204941258286,
      "compression_ratio": 1.4046242774566473,
      "no_speech_prob": 0.041020531207323074,
      "confidence": 0.977,
      "words": [
        {
          "text": "Back",
          "start": 58.24,
          "end": 58.42,
          "confidence": 0.978
        },
        {
          "text": "in",
          "start": 58.42,
          "end": 58.74,
          "confidence": 0.996
        },
        {
          "text": "the",
          "start": 58.74,
          "end": 58.92,
          "confidence": 0.996
        },
        {
          "text": "office,",
          "start": 58.92,
          "end": 59.26,
          "confidence": 0.994
        },
        {
          "text": "back",
          "start": 59.44,
          "end": 59.6,
          "confidence": 0.897
        },
        {
          "text": "to",
          "start": 59.6,
          "end": 59.8,
          "confidence": 0.99
        },
        {
          "text": "cardboard",
          "start": 59.8,
          "end": 60.24,
          "confidence": 0.941
        },
        {
          "text": "loyalties",
          "start": 60.24,
          "end": 61.24,
          "confidence": 0.996
        }
      ]
    },
    {
      "id": 7,
      "seek": 4800,
      "start": 61.84,
      "end": 65.08,
      "text": " A rainbow-colored furniture, free coffee and tea",
      "tokens": [
        51064,
        316,
        18526,
        12,
        42820,
        15671,
        11,
        1737,
        4982,
        293,
        5817,
        51264
      ],
      "temperature": 0.0,
      "avg_logprob": -0.22177204941258286,
      "compression_ratio": 1.4046242774566473,
      "no_speech_prob": 0.041020531207323074,
      "confidence": 0.834,
      "words": [
        {
          "text": "A",
          "start": 61.84,
          "end": 61.98,
          "confidence": 0.855
        },
        {
          "text": "rainbow-colored",
          "start": 61.98,
          "end": 62.74,
          "confidence": 0.667
        },
        {
          "text": "furniture,",
          "start": 62.74,
          "end": 63.34,
          "confidence": 0.998
        },
        {
          "text": "free",
          "start": 63.6,
          "end": 63.86,
          "confidence": 0.98
        },
        {
          "text": "coffee",
          "start": 63.86,
          "end": 64.3,
          "confidence": 0.985
        },
        {
          "text": "and",
          "start": 64.3,
          "end": 64.7,
          "confidence": 0.8
        },
        {
          "text": "tea",
          "start": 64.7,
          "end": 65.08,
          "confidence": 0.998
        }
      ]
    },
    {
      "id": 8,
      "seek": 4800,
      "start": 66.08,
      "end": 69.46,
      "text": " Punctuated by water cooler intermissives",
      "tokens": [
        51264,
        22574,
        349,
        27275,
        538,
        1281,
        15566,
        728,
        76,
        891,
        1539,
        51464
      ],
      "temperature": 0.0,
      "avg_logprob": -0.22177204941258286,
      "compression_ratio": 1.4046242774566473,
      "no_speech_prob": 0.041020531207323074,
      "confidence": 0.527,
      "words": [
        {
          "text": "Punctuated",
          "start": 66.08,
          "end": 67.06,
          "confidence": 0.726
        },
        {
          "text": "by",
          "start": 67.06,
          "end": 67.5,
          "confidence": 0.998
        },
        {
          "text": "water",
          "start": 67.5,
          "end": 67.8,
          "confidence": 0.864
        },
        {
          "text": "cooler",
          "start": 67.8,
          "end": 68.24,
          "confidence": 0.516
        },
        {
          "text": "intermissives",
          "start": 68.24,
          "end": 69.46,
          "confidence": 0.314
        }
      ]
    },
    {
      "id": 9,
      "seek": 4800,
      "start": 69.84,
      "end": 73.32,
      "text": " We work hard to play hard, we're a family",
      "tokens": [
        51464,
        492,
        589,
        1152,
        281,
        862,
        1152,
        11,
        321,
        434,
        257,
        1605,
        51664
      ],
      "temperature": 0.0,
      "avg_logprob": -0.22177204941258286,
      "compression_ratio": 1.4046242774566473,
      "no_speech_prob": 0.041020531207323074,
      "confidence": 0.946,
      "words": [
        {
          "text": "We",
          "start": 69.84,
          "end": 69.96,
          "confidence": 0.99
        },
        {
          "text": "work",
          "start": 69.96,
          "end": 70.22,
          "confidence": 0.789
        },
        {
          "text": "hard",
          "start": 70.22,
          "end": 70.56,
          "confidence": 0.907
        },
        {
          "text": "to",
          "start": 70.56,
          "end": 70.84,
          "confidence": 0.986
        },
        {
          "text": "play",
          "start": 70.84,
          "end": 71.08,
          "confidence": 0.996
        },
        {
          "text": "hard,",
          "start": 71.08,
          "end": 71.44,
          "confidence": 0.99
        },
        {
          "text": "we're",
          "start": 71.7,
          "end": 72.66,
          "confidence": 0.917
        },
        {
          "text": "a",
          "start": 72.66,
          "end": 72.78,
          "confidence": 0.99
        },
        {
          "text": "family",
          "start": 72.78,
          "end": 73.32,
          "confidence": 0.998
        }
      ]
    },
    {
      "id": 10,
      "seek": 7400,
      "start": 74.22,
      "end": 77.46,
      "text": " Public transport held together with duct tape and patches",
      "tokens": [
        50364,
        9489,
        5495,
        5167,
        1214,
        365,
        25954,
        7314,
        293,
        26531,
        50564
      ],
      "temperature": 0.0,
      "avg_logprob": -0.05924829569729892,
      "compression_ratio": 1.330708661417323,
      "no_speech_prob": 0.44931724667549133,
      "confidence": 0.972,
      "words": [
        {
          "text": "Public",
          "start": 74.22,
          "end": 74.5,
          "confidence": 0.906
        },
        {
          "text": "transport",
          "start": 74.5,
          "end": 75.06,
          "confidence": 0.997
        },
        {
          "text": "held",
          "start": 75.06,
          "end": 75.5,
          "confidence": 0.961
        },
        {
          "text": "together",
          "start": 75.5,
          "end": 75.96,
          "confidence": 0.983
        },
        {
          "text": "with",
          "start": 75.96,
          "end": 76.28,
          "confidence": 0.97
        },
        {
          "text": "duct",
          "start": 76.28,
          "end": 76.5,
          "confidence": 0.984
        },
        {
          "text": "tape",
          "start": 76.5,
          "end": 76.8,
          "confidence": 0.975
        },
        {
          "text": "and",
          "start": 76.8,
          "end": 77.0,
          "confidence": 0.978
        },
        {
          "text": "patches",
          "start": 77.0,
          "end": 77.46,
          "confidence": 0.994
        }
      ]
    },
    {
      "id": 11,
      "seek": 7400,
      "start": 77.82,
      "end": 81.02,
      "text": " Returning home to electric bills like fees in Texas",
      "tokens": [
        50564,
        11495,
        10656,
        1280,
        281,
        5210,
        12433,
        411,
        13370,
        294,
        7885,
        50764
      ],
      "temperature": 0.0,
      "avg_logprob": -0.05924829569729892,
      "compression_ratio": 1.330708661417323,
      "no_speech_prob": 0.44931724667549133,
      "confidence": 0.889,
      "words": [
        {
          "text": "Returning",
          "start": 77.82,
          "end": 78.3,
          "confidence": 0.98
        },
        {
          "text": "home",
          "start": 78.3,
          "end": 78.62,
          "confidence": 0.992
        },
        {
          "text": "to",
          "start": 78.62,
          "end": 78.88,
          "confidence": 0.992
        },
        {
          "text": "electric",
          "start": 78.88,
          "end": 79.26,
          "confidence": 0.992
        },
        {
          "text": "bills",
          "start": 79.26,
          "end": 79.64,
          "confidence": 0.99
        },
        {
          "text": "like",
          "start": 79.64,
          "end": 79.92,
          "confidence": 0.93
        },
        {
          "text": "fees",
          "start": 79.92,
          "end": 80.24,
          "confidence": 0.468
        },
        {
          "text": "in",
          "start": 80.24,
          "end": 80.5,
          "confidence": 0.907
        },
        {
          "text": "Texas",
          "start": 80.5,
          "end": 81.02,
          "confidence": 0.839
        }
      ]
    },
    {
      "id": 12,
      "seek": 7400,
      "start": 82.18,
      "end": 84.96,
      "text": " Is this really how it turns out to be?",
      "tokens": [
        50764,
        1119,
        341,
        534,
        577,
        309,
        4523,
        484,
        281,
        312,
        30,
        50964
      ],
      "temperature": 0.0,
      "avg_logprob": -0.05924829569729892,
      "compression_ratio": 1.330708661417323,
      "no_speech_prob": 0.44931724667549133,
      "confidence": 0.996,
      "words": [
        {
          "text": "Is",
          "start": 82.18,
          "end": 82.34,
          "confidence": 0.981
        },
        {
          "text": "this",
          "start": 82.34,
          "end": 82.56,
          "confidence": 0.997
        },
        {
          "text": "really",
          "start": 82.56,
          "end": 83.02,
          "confidence": 0.995
        },
        {
          "text": "how",
          "start": 83.02,
          "end": 83.42,
          "confidence": 0.998
        },
        {
          "text": "it",
          "start": 83.42,
          "end": 83.6,
          "confidence": 0.998
        },
        {
          "text": "turns",
          "start": 83.6,
          "end": 83.88,
          "confidence": 0.996
        },
        {
          "text": "out",
          "start": 83.88,
          "end": 84.22,
          "confidence": 0.999
        },
        {
          "text": "to",
          "start": 84.22,
          "end": 84.5,
          "confidence": 0.999
        },
        {
          "text": "be?",
          "start": 84.5,
          "end": 84.96,
          "confidence": 0.999
        }
      ]
    },
    {
      "id": 13,
      "seek": 7400,
      "start": 85.96,
      "end": 88.0,
      "text": " Is this life for me?",
      "tokens": [
        50964,
        1119,
        341,
        993,
        337,
        385,
        30,
        51164
      ],
      "temperature": 0.0,
      "avg_logprob": -0.05924829569729892,
      "compression_ratio": 1.330708661417323,
      "no_speech_prob": 0.44931724667549133,
      "confidence": 0.977,
      "words": [
        {
          "text": "Is",
          "start": 85.96,
          "end": 86.18,
          "confidence": 0.983
        },
        {
          "text": "this",
          "start": 86.18,
          "end": 86.44,
          "confidence": 0.995
        },
        {
          "text": "life",
          "start": 86.44,
          "end": 86.92,
          "confidence": 0.934
        },
        {
          "text": "for",
          "start": 86.92,
          "end": 87.44,
          "confidence": 0.994
        },
        {
          "text": "me?",
          "start": 87.44,
          "end": 88.0,
          "confidence": 0.98
        }
      ]
    }
  ],
  "language": "en"
}